arm,selection,epoch,macro_f1,accuracy,class,precision,recall,f1,support
adast_reference_full_source,selected,22,0.6933965557144626,0.762671214624527,W,0.8565559128260093,0.8986131934032984,0.8770806658130603,5336
adast_reference_full_source,selected,22,0.6933965557144626,0.762671214624527,N1,0.41384615384615386,0.23381138635375923,0.2988058872535407,2301
adast_reference_full_source,selected,22,0.6933965557144626,0.762671214624527,N2,0.7931965442764579,0.8382310984308131,0.8150922458038564,7010
adast_reference_full_source,selected,22,0.6933965557144626,0.762671214624527,N3,0.7533039647577092,0.8260869565217391,0.7880184331797235,1449
adast_reference_full_source,selected,22,0.6933965557144626,0.762671214624527,REM,0.6638772663877266,0.7139107611548556,0.6879855465221318,2667
adast_keep_source_ce_full_source,selected,22,0.6940700422815432,0.7604860629963226,W,0.8749310281405187,0.8914917541229386,0.8831337603267428,5336
adast_keep_source_ce_full_source,selected,22,0.6940700422815432,0.7604860629963226,N1,0.41279461279461277,0.2664059104737071,0.323824617010037,2301
adast_keep_source_ce_full_source,selected,22,0.6940700422815432,0.7604860629963226,N2,0.7731811697574893,0.8504992867332383,0.809999320698322,7010
adast_keep_source_ce_full_source,selected,22,0.6940700422815432,0.7604860629963226,N3,0.7398773006134969,0.8322981366459627,0.7833712244235141,1449
adast_keep_source_ce_full_source,selected,22,0.6940700422815432,0.7604860629963226,REM,0.6924,0.6490438695163104,0.6700212889491,2667
adast_no_pseudo_full_source,selected,7,0.689145306016953,0.7265895645685658,W,0.9224314367580844,0.844640179910045,0.8818235179025631,5336
adast_no_pseudo_full_source,selected,7,0.689145306016953,0.7265895645685658,N1,0.34569414649095925,0.49022164276401564,0.4054636951833213,2301
adast_no_pseudo_full_source,selected,7,0.689145306016953,0.7265895645685658,N2,0.7897505259993989,0.7496433666191156,0.7691744730679156,7010
adast_no_pseudo_full_source,selected,7,0.689145306016953,0.7265895645685658,N3,0.6945198046663049,0.883367839889579,0.7776427703523694,1449
adast_no_pseudo_full_source,selected,7,0.689145306016953,0.7265895645685658,REM,0.6910722720831365,0.5485564304461942,0.6116220735785953,2667
adast_no_adversarial_full_source,selected,29,0.6942832132187833,0.7677343708362202,W,0.8554003888987096,0.9068590704647677,0.8803784226325845,5336
adast_no_adversarial_full_source,selected,29,0.6942832132187833,0.7677343708362202,N1,0.43676355066771405,0.24163407214254673,0.3111359820928931,2301
adast_no_adversarial_full_source,selected,29,0.6942832132187833,0.7677343708362202,N2,0.7708124373119358,0.8770328102710414,0.8204991325236888,7010
adast_no_adversarial_full_source,selected,29,0.6942832132187833,0.7677343708362202,N3,0.829444891391794,0.7115251897860594,0.7659732540861811,1449
adast_no_adversarial_full_source,selected,29,0.6942832132187833,0.7677343708362202,REM,0.7004590665646518,0.6865391826021747,0.6934292747585684,2667
adast_reference_full_source,final,30,0.6784072794090049,0.7583542077492939,W,0.8687181354697742,0.8941154422788605,0.8812338381972663,5336
adast_reference_full_source,final,30,0.6784072794090049,0.7583542077492939,N1,0.41169853768278963,0.1590612777053455,0.22946708463949844,2301
adast_reference_full_source,final,30,0.6784072794090049,0.7583542077492939,N2,0.7742991878438564,0.8432239657631955,0.807293089319858,7010
adast_reference_full_source,final,30,0.6784072794090049,0.7583542077492939,N3,0.7824631860776439,0.8067632850241546,0.7944274549779137,1449
adast_reference_full_source,final,30,0.6784072794090049,0.7583542077492939,REM,0.6183159188690842,0.754405699287589,0.6796149299104881,2667
adast_keep_source_ce_full_source,final,30,0.6809365704478056,0.753770718968182,W,0.8865823740328364,0.8804347826086957,0.8834978843441467,5336
adast_keep_source_ce_full_source,final,30,0.6809365704478056,0.753770718968182,N1,0.3994953742640875,0.20643198609300303,0.2722063037249284,2301
adast_keep_source_ce_full_source,final,30,0.6809365704478056,0.753770718968182,N2,0.7534539060537553,0.8557774607703281,0.8013625434143735,7010
adast_keep_source_ce_full_source,final,30,0.6809365704478056,0.753770718968182,N3,0.7676701570680629,0.8095238095238095,0.7880416526704737,1449
adast_keep_source_ce_full_source,final,30,0.6809365704478056,0.753770718968182,REM,0.6456014362657092,0.6741657292838396,0.6595744680851063,2667
adast_no_pseudo_full_source,final,30,0.6716539566008757,0.7492938229494217,W,0.8832420177593048,0.8761244377811095,0.8796688305579077,5336
adast_no_pseudo_full_source,final,30,0.6716539566008757,0.7492938229494217,N1,0.4065934065934066,0.17687961755758366,0.24651726226529377,2301
adast_no_pseudo_full_source,final,30,0.6716539566008757,0.7492938229494217,N2,0.7299927901946648,0.8666191155492154,0.7924602139316463,7010
adast_no_pseudo_full_source,final,30,0.6716539566008757,0.7492938229494217,N3,0.7531725888324873,0.8191856452726018,0.7847933884297522,1449
adast_no_pseudo_full_source,final,30,0.6716539566008757,0.7492938229494217,REM,0.6670556203811746,0.6430446194225722,0.6548300878197785,2667
adast_no_adversarial_full_source,final,30,0.6777002335731297,0.7565421307893194,W,0.8422141748577341,0.9152923538230885,0.8772339470139202,5336
adast_no_adversarial_full_source,final,30,0.6777002335731297,0.7565421307893194,N1,0.4198645598194131,0.242503259452412,0.3074380165289256,2301
adast_no_adversarial_full_source,final,30,0.6777002335731297,0.7565421307893194,N2,0.7616898583427354,0.8667617689015692,0.8108360579168612,7010
adast_no_adversarial_full_source,final,30,0.6777002335731297,0.7565421307893194,N3,0.8862944162436548,0.6024844720496895,0.7173377156943305,1449
adast_no_adversarial_full_source,final,30,0.6777002335731297,0.7565421307893194,REM,0.6748971193415638,0.6764154480689913,0.6756554307116105,2667
