timestamp, name, utilization.gpu [%], utilization.memory [%], memory.used [MiB], memory.total [MiB], temperature.gpu
2026/08/10 06:15:46.288, Tesla V100-PCIE-16GB, 0 %, 0 %, 0 MiB, 16384 MiB, 43
2026/08/10 06:15:51.290, Tesla V100-PCIE-16GB, 0 %, 0 %, 4 MiB, 16384 MiB, 43
2026/08/10 06:15:56.291, Tesla V100-PCIE-16GB, 50 %, 3 %, 548 MiB, 16384 MiB, 45
2026/08/10 06:16:01.292, Tesla V100-PCIE-16GB, 46 %, 3 %, 548 MiB, 16384 MiB, 45
2026/08/10 06:16:06.293, Tesla V100-PCIE-16GB, 49 %, 3 %, 548 MiB, 16384 MiB, 45
2026/08/10 06:16:11.294, Tesla V100-PCIE-16GB, 49 %, 3 %, 548 MiB, 16384 MiB, 46
2026/08/10 06:16:16.295, Tesla V100-PCIE-16GB, 50 %, 3 %, 548 MiB, 16384 MiB, 46
2026/08/10 06:16:21.296, Tesla V100-PCIE-16GB, 48 %, 3 %, 548 MiB, 16384 MiB, 46
2026/08/10 06:16:26.297, Tesla V100-PCIE-16GB, 46 %, 3 %, 548 MiB, 16384 MiB, 46
2026/08/10 06:16:31.299, Tesla V100-PCIE-16GB, 47 %, 3 %, 548 MiB, 16384 MiB, 47
2026/08/10 06:16:36.300, Tesla V100-PCIE-16GB, 49 %, 3 %, 548 MiB, 16384 MiB, 47
2026/08/10 06:16:41.348, Tesla V100-PCIE-16GB, 48 %, 3 %, 548 MiB, 16384 MiB, 47
2026/08/10 06:16:46.349, Tesla V100-PCIE-16GB, 49 %, 3 %, 548 MiB, 16384 MiB, 47
2026/08/10 06:16:51.350, Tesla V100-PCIE-16GB, 50 %, 3 %, 548 MiB, 16384 MiB, 47
2026/08/10 06:16:56.351, Tesla V100-PCIE-16GB, 49 %, 3 %, 548 MiB, 16384 MiB, 48
2026/08/10 06:17:01.352, Tesla V100-PCIE-16GB, 36 %, 2 %, 548 MiB, 16384 MiB, 48
2026/08/10 06:17:06.353, Tesla V100-PCIE-16GB, 51 %, 3 %, 548 MiB, 16384 MiB, 48
2026/08/10 06:17:11.428, Tesla V100-PCIE-16GB, 47 %, 3 %, 548 MiB, 16384 MiB, 48
2026/08/10 06:17:16.429, Tesla V100-PCIE-16GB, 50 %, 3 %, 548 MiB, 16384 MiB, 48
2026/08/10 06:17:21.430, Tesla V100-PCIE-16GB, 50 %, 3 %, 548 MiB, 16384 MiB, 48
2026/08/10 06:17:26.430, Tesla V100-PCIE-16GB, 48 %, 3 %, 548 MiB, 16384 MiB, 48
2026/08/10 06:17:31.432, Tesla V100-PCIE-16GB, 49 %, 3 %, 548 MiB, 16384 MiB, 48
2026/08/10 06:17:36.432, Tesla V100-PCIE-16GB, 49 %, 3 %, 548 MiB, 16384 MiB, 48
2026/08/10 06:17:41.495, Tesla V100-PCIE-16GB, 51 %, 3 %, 548 MiB, 16384 MiB, 48
2026/08/10 06:17:46.496, Tesla V100-PCIE-16GB, 46 %, 3 %, 548 MiB, 16384 MiB, 48
2026/08/10 06:17:51.499, Tesla V100-PCIE-16GB, 51 %, 3 %, 548 MiB, 16384 MiB, 49
2026/08/10 06:17:56.501, Tesla V100-PCIE-16GB, 49 %, 3 %, 548 MiB, 16384 MiB, 48
2026/08/10 06:18:01.503, Tesla V100-PCIE-16GB, 48 %, 3 %, 548 MiB, 16384 MiB, 49
2026/08/10 06:18:06.506, Tesla V100-PCIE-16GB, 51 %, 4 %, 548 MiB, 16384 MiB, 49
2026/08/10 06:18:11.507, Tesla V100-PCIE-16GB, 49 %, 3 %, 548 MiB, 16384 MiB, 49
2026/08/10 06:18:16.509, Tesla V100-PCIE-16GB, 49 %, 3 %, 548 MiB, 16384 MiB, 49
2026/08/10 06:18:21.510, Tesla V100-PCIE-16GB, 46 %, 3 %, 548 MiB, 16384 MiB, 49
2026/08/10 06:18:26.511, Tesla V100-PCIE-16GB, 47 %, 3 %, 548 MiB, 16384 MiB, 49
2026/08/10 06:18:31.511, Tesla V100-PCIE-16GB, 49 %, 3 %, 548 MiB, 16384 MiB, 49
2026/08/10 06:18:36.512, Tesla V100-PCIE-16GB, 51 %, 4 %, 548 MiB, 16384 MiB, 49
2026/08/10 06:18:41.513, Tesla V100-PCIE-16GB, 50 %, 3 %, 548 MiB, 16384 MiB, 49
2026/08/10 06:18:46.514, Tesla V100-PCIE-16GB, 48 %, 3 %, 548 MiB, 16384 MiB, 49
2026/08/10 06:18:51.515, Tesla V100-PCIE-16GB, 50 %, 3 %, 548 MiB, 16384 MiB, 49
2026/08/10 06:18:56.515, Tesla V100-PCIE-16GB, 50 %, 3 %, 548 MiB, 16384 MiB, 49
2026/08/10 06:19:01.516, Tesla V100-PCIE-16GB, 15 %, 3 %, 548 MiB, 16384 MiB, 49
2026/08/10 06:19:06.517, Tesla V100-PCIE-16GB, 50 %, 3 %, 548 MiB, 16384 MiB, 49
2026/08/10 06:19:11.518, Tesla V100-PCIE-16GB, 46 %, 3 %, 548 MiB, 16384 MiB, 49
2026/08/10 06:19:16.519, Tesla V100-PCIE-16GB, 40 %, 3 %, 548 MiB, 16384 MiB, 49
2026/08/10 06:19:21.520, Tesla V100-PCIE-16GB, 48 %, 3 %, 548 MiB, 16384 MiB, 49
2026/08/10 06:19:26.523, Tesla V100-PCIE-16GB, 48 %, 3 %, 548 MiB, 16384 MiB, 49
2026/08/10 06:19:31.524, Tesla V100-PCIE-16GB, 51 %, 3 %, 548 MiB, 16384 MiB, 49
2026/08/10 06:19:36.525, Tesla V100-PCIE-16GB, 49 %, 3 %, 548 MiB, 16384 MiB, 49
2026/08/10 06:19:41.527, Tesla V100-PCIE-16GB, 49 %, 3 %, 548 MiB, 16384 MiB, 49
2026/08/10 06:19:46.528, Tesla V100-PCIE-16GB, 50 %, 3 %, 548 MiB, 16384 MiB, 49
2026/08/10 06:19:51.579, Tesla V100-PCIE-16GB, 49 %, 3 %, 548 MiB, 16384 MiB, 49
2026/08/10 06:19:56.580, Tesla V100-PCIE-16GB, 47 %, 3 %, 548 MiB, 16384 MiB, 49
2026/08/10 06:20:01.581, Tesla V100-PCIE-16GB, 49 %, 3 %, 548 MiB, 16384 MiB, 49
2026/08/10 06:20:06.582, Tesla V100-PCIE-16GB, 49 %, 3 %, 548 MiB, 16384 MiB, 49
2026/08/10 06:20:11.582, Tesla V100-PCIE-16GB, 46 %, 3 %, 548 MiB, 16384 MiB, 49
2026/08/10 06:20:16.583, Tesla V100-PCIE-16GB, 43 %, 3 %, 548 MiB, 16384 MiB, 49
2026/08/10 06:20:21.584, Tesla V100-PCIE-16GB, 48 %, 3 %, 548 MiB, 16384 MiB, 49
2026/08/10 06:20:26.588, Tesla V100-PCIE-16GB, 50 %, 3 %, 548 MiB, 16384 MiB, 49
2026/08/10 06:20:31.589, Tesla V100-PCIE-16GB, 50 %, 3 %, 548 MiB, 16384 MiB, 49
2026/08/10 06:20:36.589, Tesla V100-PCIE-16GB, 51 %, 3 %, 548 MiB, 16384 MiB, 49
2026/08/10 06:20:41.590, Tesla V100-PCIE-16GB, 47 %, 3 %, 548 MiB, 16384 MiB, 49
2026/08/10 06:20:46.591, Tesla V100-PCIE-16GB, 50 %, 3 %, 548 MiB, 16384 MiB, 49
2026/08/10 06:20:51.592, Tesla V100-PCIE-16GB, 51 %, 3 %, 548 MiB, 16384 MiB, 49
2026/08/10 06:20:56.593, Tesla V100-PCIE-16GB, 49 %, 3 %, 548 MiB, 16384 MiB, 49
2026/08/10 06:21:01.593, Tesla V100-PCIE-16GB, 51 %, 3 %, 548 MiB, 16384 MiB, 49
2026/08/10 06:21:06.594, Tesla V100-PCIE-16GB, 51 %, 3 %, 548 MiB, 16384 MiB, 49
2026/08/10 06:21:11.595, Tesla V100-PCIE-16GB, 48 %, 3 %, 548 MiB, 16384 MiB, 49
2026/08/10 06:21:16.596, Tesla V100-PCIE-16GB, 52 %, 3 %, 548 MiB, 16384 MiB, 49
2026/08/10 06:21:21.597, Tesla V100-PCIE-16GB, 49 %, 3 %, 548 MiB, 16384 MiB, 49
2026/08/10 06:21:26.597, Tesla V100-PCIE-16GB, 49 %, 3 %, 548 MiB, 16384 MiB, 49
2026/08/10 06:21:31.598, Tesla V100-PCIE-16GB, 51 %, 3 %, 548 MiB, 16384 MiB, 49
2026/08/10 06:21:36.599, Tesla V100-PCIE-16GB, 47 %, 3 %, 548 MiB, 16384 MiB, 49
2026/08/10 06:21:41.600, Tesla V100-PCIE-16GB, 20 %, 3 %, 548 MiB, 16384 MiB, 49
2026/08/10 06:21:46.601, Tesla V100-PCIE-16GB, 50 %, 3 %, 548 MiB, 16384 MiB, 49
2026/08/10 06:21:51.601, Tesla V100-PCIE-16GB, 50 %, 3 %, 548 MiB, 16384 MiB, 49
2026/08/10 06:21:56.603, Tesla V100-PCIE-16GB, 50 %, 3 %, 548 MiB, 16384 MiB, 49
2026/08/10 06:22:01.604, Tesla V100-PCIE-16GB, 50 %, 3 %, 548 MiB, 16384 MiB, 49
2026/08/10 06:22:06.605, Tesla V100-PCIE-16GB, 49 %, 3 %, 548 MiB, 16384 MiB, 49
2026/08/10 06:22:11.605, Tesla V100-PCIE-16GB, 50 %, 3 %, 548 MiB, 16384 MiB, 49
2026/08/10 06:22:16.606, Tesla V100-PCIE-16GB, 43 %, 3 %, 548 MiB, 16384 MiB, 49
2026/08/10 06:22:21.607, Tesla V100-PCIE-16GB, 51 %, 3 %, 548 MiB, 16384 MiB, 49
2026/08/10 06:22:26.608, Tesla V100-PCIE-16GB, 49 %, 3 %, 548 MiB, 16384 MiB, 49
2026/08/10 06:22:31.609, Tesla V100-PCIE-16GB, 49 %, 3 %, 548 MiB, 16384 MiB, 49
2026/08/10 06:22:36.609, Tesla V100-PCIE-16GB, 50 %, 3 %, 548 MiB, 16384 MiB, 49
2026/08/10 06:22:41.610, Tesla V100-PCIE-16GB, 51 %, 3 %, 548 MiB, 16384 MiB, 49
2026/08/10 06:22:46.611, Tesla V100-PCIE-16GB, 49 %, 3 %, 548 MiB, 16384 MiB, 49
2026/08/10 06:22:51.612, Tesla V100-PCIE-16GB, 49 %, 3 %, 548 MiB, 16384 MiB, 49
2026/08/10 06:22:56.612, Tesla V100-PCIE-16GB, 50 %, 3 %, 548 MiB, 16384 MiB, 49
2026/08/10 06:23:01.613, Tesla V100-PCIE-16GB, 13 %, 2 %, 548 MiB, 16384 MiB, 49
2026/08/10 06:23:06.614, Tesla V100-PCIE-16GB, 51 %, 3 %, 548 MiB, 16384 MiB, 49
2026/08/10 06:23:11.615, Tesla V100-PCIE-16GB, 50 %, 3 %, 548 MiB, 16384 MiB, 49
2026/08/10 06:23:16.616, Tesla V100-PCIE-16GB, 49 %, 3 %, 548 MiB, 16384 MiB, 49
2026/08/10 06:23:21.651, Tesla V100-PCIE-16GB, 47 %, 3 %, 548 MiB, 16384 MiB, 49
2026/08/10 06:23:26.652, Tesla V100-PCIE-16GB, 49 %, 3 %, 548 MiB, 16384 MiB, 49
2026/08/10 06:23:31.653, Tesla V100-PCIE-16GB, 50 %, 3 %, 548 MiB, 16384 MiB, 49
2026/08/10 06:23:36.654, Tesla V100-PCIE-16GB, 49 %, 3 %, 548 MiB, 16384 MiB, 49
2026/08/10 06:23:41.655, Tesla V100-PCIE-16GB, 48 %, 3 %, 548 MiB, 16384 MiB, 49
2026/08/10 06:23:46.656, Tesla V100-PCIE-16GB, 49 %, 3 %, 548 MiB, 16384 MiB, 49
2026/08/10 06:23:51.657, Tesla V100-PCIE-16GB, 51 %, 3 %, 548 MiB, 16384 MiB, 49
2026/08/10 06:23:56.657, Tesla V100-PCIE-16GB, 51 %, 3 %, 548 MiB, 16384 MiB, 49
2026/08/10 06:24:01.658, Tesla V100-PCIE-16GB, 40 %, 3 %, 548 MiB, 16384 MiB, 49
2026/08/10 06:24:06.659, Tesla V100-PCIE-16GB, 49 %, 3 %, 548 MiB, 16384 MiB, 49
2026/08/10 06:24:11.660, Tesla V100-PCIE-16GB, 49 %, 3 %, 548 MiB, 16384 MiB, 49
2026/08/10 06:24:16.661, Tesla V100-PCIE-16GB, 45 %, 3 %, 548 MiB, 16384 MiB, 49
2026/08/10 06:24:21.661, Tesla V100-PCIE-16GB, 19 %, 4 %, 548 MiB, 16384 MiB, 49
2026/08/10 06:24:26.662, Tesla V100-PCIE-16GB, 50 %, 3 %, 548 MiB, 16384 MiB, 49
2026/08/10 06:24:31.689, Tesla V100-PCIE-16GB, 49 %, 3 %, 548 MiB, 16384 MiB, 49
2026/08/10 06:24:36.757, Tesla V100-PCIE-16GB, 45 %, 3 %, 548 MiB, 16384 MiB, 49
2026/08/10 06:24:41.758, Tesla V100-PCIE-16GB, 49 %, 3 %, 548 MiB, 16384 MiB, 49
2026/08/10 06:24:46.759, Tesla V100-PCIE-16GB, 47 %, 3 %, 548 MiB, 16384 MiB, 49
2026/08/10 06:24:51.760, Tesla V100-PCIE-16GB, 50 %, 3 %, 548 MiB, 16384 MiB, 49
2026/08/10 06:24:56.761, Tesla V100-PCIE-16GB, 48 %, 3 %, 548 MiB, 16384 MiB, 49
2026/08/10 06:25:01.762, Tesla V100-PCIE-16GB, 49 %, 3 %, 548 MiB, 16384 MiB, 49
2026/08/10 06:25:06.763, Tesla V100-PCIE-16GB, 48 %, 3 %, 548 MiB, 16384 MiB, 49
2026/08/10 06:25:11.764, Tesla V100-PCIE-16GB, 49 %, 3 %, 548 MiB, 16384 MiB, 49
2026/08/10 06:25:16.764, Tesla V100-PCIE-16GB, 50 %, 3 %, 548 MiB, 16384 MiB, 49
2026/08/10 06:25:21.765, Tesla V100-PCIE-16GB, 49 %, 3 %, 548 MiB, 16384 MiB, 49
2026/08/10 06:25:26.766, Tesla V100-PCIE-16GB, 42 %, 3 %, 548 MiB, 16384 MiB, 49
2026/08/10 06:25:31.767, Tesla V100-PCIE-16GB, 51 %, 3 %, 548 MiB, 16384 MiB, 49
2026/08/10 06:25:36.768, Tesla V100-PCIE-16GB, 47 %, 3 %, 548 MiB, 16384 MiB, 49
2026/08/10 06:25:41.811, Tesla V100-PCIE-16GB, 19 %, 4 %, 548 MiB, 16384 MiB, 49
2026/08/10 06:25:46.812, Tesla V100-PCIE-16GB, 51 %, 3 %, 548 MiB, 16384 MiB, 49
2026/08/10 06:25:51.813, Tesla V100-PCIE-16GB, 50 %, 3 %, 548 MiB, 16384 MiB, 50
2026/08/10 06:25:56.814, Tesla V100-PCIE-16GB, 51 %, 3 %, 548 MiB, 16384 MiB, 50
2026/08/10 06:26:01.815, Tesla V100-PCIE-16GB, 51 %, 3 %, 548 MiB, 16384 MiB, 50
2026/08/10 06:26:06.816, Tesla V100-PCIE-16GB, 49 %, 3 %, 548 MiB, 16384 MiB, 50
2026/08/10 06:26:11.817, Tesla V100-PCIE-16GB, 49 %, 3 %, 548 MiB, 16384 MiB, 50
2026/08/10 06:26:16.817, Tesla V100-PCIE-16GB, 51 %, 3 %, 548 MiB, 16384 MiB, 50
2026/08/10 06:26:21.818, Tesla V100-PCIE-16GB, 51 %, 3 %, 548 MiB, 16384 MiB, 50
2026/08/10 06:26:26.819, Tesla V100-PCIE-16GB, 49 %, 3 %, 548 MiB, 16384 MiB, 50
2026/08/10 06:26:31.820, Tesla V100-PCIE-16GB, 49 %, 3 %, 548 MiB, 16384 MiB, 50
2026/08/10 06:26:36.820, Tesla V100-PCIE-16GB, 48 %, 3 %, 548 MiB, 16384 MiB, 50
2026/08/10 06:26:41.893, Tesla V100-PCIE-16GB, 49 %, 3 %, 548 MiB, 16384 MiB, 50
2026/08/10 06:26:46.894, Tesla V100-PCIE-16GB, 48 %, 3 %, 548 MiB, 16384 MiB, 50
2026/08/10 06:26:51.895, Tesla V100-PCIE-16GB, 49 %, 3 %, 548 MiB, 16384 MiB, 50
2026/08/10 06:26:56.896, Tesla V100-PCIE-16GB, 49 %, 3 %, 548 MiB, 16384 MiB, 50
2026/08/10 06:27:01.897, Tesla V100-PCIE-16GB, 51 %, 4 %, 548 MiB, 16384 MiB, 50
2026/08/10 06:27:06.898, Tesla V100-PCIE-16GB, 50 %, 3 %, 548 MiB, 16384 MiB, 50
2026/08/10 06:27:11.899, Tesla V100-PCIE-16GB, 48 %, 3 %, 548 MiB, 16384 MiB, 50
2026/08/10 06:27:16.899, Tesla V100-PCIE-16GB, 49 %, 3 %, 548 MiB, 16384 MiB, 50
2026/08/10 06:27:21.900, Tesla V100-PCIE-16GB, 49 %, 3 %, 548 MiB, 16384 MiB, 50
2026/08/10 06:27:26.901, Tesla V100-PCIE-16GB, 49 %, 3 %, 548 MiB, 16384 MiB, 50
2026/08/10 06:27:31.902, Tesla V100-PCIE-16GB, 51 %, 3 %, 548 MiB, 16384 MiB, 50
2026/08/10 06:27:36.902, Tesla V100-PCIE-16GB, 47 %, 3 %, 548 MiB, 16384 MiB, 50
2026/08/10 06:27:41.903, Tesla V100-PCIE-16GB, 47 %, 3 %, 548 MiB, 16384 MiB, 50
2026/08/10 06:27:46.904, Tesla V100-PCIE-16GB, 50 %, 3 %, 548 MiB, 16384 MiB, 50
2026/08/10 06:27:51.905, Tesla V100-PCIE-16GB, 50 %, 3 %, 548 MiB, 16384 MiB, 50
2026/08/10 06:27:56.906, Tesla V100-PCIE-16GB, 50 %, 3 %, 548 MiB, 16384 MiB, 50
2026/08/10 06:28:01.907, Tesla V100-PCIE-16GB, 45 %, 3 %, 548 MiB, 16384 MiB, 49
2026/08/10 06:28:06.908, Tesla V100-PCIE-16GB, 45 %, 3 %, 548 MiB, 16384 MiB, 49
2026/08/10 06:28:11.909, Tesla V100-PCIE-16GB, 49 %, 3 %, 548 MiB, 16384 MiB, 49
2026/08/10 06:28:16.910, Tesla V100-PCIE-16GB, 49 %, 3 %, 548 MiB, 16384 MiB, 49
2026/08/10 06:28:21.913, Tesla V100-PCIE-16GB, 38 %, 2 %, 548 MiB, 16384 MiB, 49
2026/08/10 06:28:26.914, Tesla V100-PCIE-16GB, 50 %, 3 %, 548 MiB, 16384 MiB, 49
2026/08/10 06:28:31.914, Tesla V100-PCIE-16GB, 49 %, 3 %, 548 MiB, 16384 MiB, 49
2026/08/10 06:28:36.915, Tesla V100-PCIE-16GB, 48 %, 3 %, 548 MiB, 16384 MiB, 49
2026/08/10 06:28:41.916, Tesla V100-PCIE-16GB, 51 %, 3 %, 548 MiB, 16384 MiB, 49
2026/08/10 06:28:46.956, Tesla V100-PCIE-16GB, 48 %, 3 %, 548 MiB, 16384 MiB, 49
2026/08/10 06:28:51.958, Tesla V100-PCIE-16GB, 50 %, 3 %, 548 MiB, 16384 MiB, 49
2026/08/10 06:28:56.958, Tesla V100-PCIE-16GB, 48 %, 3 %, 548 MiB, 16384 MiB, 49
2026/08/10 06:29:01.959, Tesla V100-PCIE-16GB, 49 %, 3 %, 548 MiB, 16384 MiB, 49
2026/08/10 06:29:06.961, Tesla V100-PCIE-16GB, 48 %, 3 %, 548 MiB, 16384 MiB, 49
2026/08/10 06:29:11.962, Tesla V100-PCIE-16GB, 51 %, 3 %, 548 MiB, 16384 MiB, 49
2026/08/10 06:29:16.963, Tesla V100-PCIE-16GB, 50 %, 3 %, 548 MiB, 16384 MiB, 49
2026/08/10 06:29:21.964, Tesla V100-PCIE-16GB, 49 %, 3 %, 548 MiB, 16384 MiB, 49
2026/08/10 06:29:26.964, Tesla V100-PCIE-16GB, 51 %, 3 %, 548 MiB, 16384 MiB, 49
2026/08/10 06:29:31.965, Tesla V100-PCIE-16GB, 47 %, 3 %, 548 MiB, 16384 MiB, 49
2026/08/10 06:29:36.966, Tesla V100-PCIE-16GB, 46 %, 3 %, 548 MiB, 16384 MiB, 49
2026/08/10 06:29:41.967, Tesla V100-PCIE-16GB, 19 %, 4 %, 548 MiB, 16384 MiB, 49
2026/08/10 06:29:46.967, Tesla V100-PCIE-16GB, 52 %, 3 %, 548 MiB, 16384 MiB, 49
2026/08/10 06:29:51.968, Tesla V100-PCIE-16GB, 50 %, 3 %, 548 MiB, 16384 MiB, 49
2026/08/10 06:29:56.969, Tesla V100-PCIE-16GB, 50 %, 3 %, 548 MiB, 16384 MiB, 49
2026/08/10 06:30:01.970, Tesla V100-PCIE-16GB, 49 %, 3 %, 548 MiB, 16384 MiB, 49
2026/08/10 06:30:06.971, Tesla V100-PCIE-16GB, 49 %, 3 %, 548 MiB, 16384 MiB, 49
2026/08/10 06:30:11.972, Tesla V100-PCIE-16GB, 52 %, 3 %, 548 MiB, 16384 MiB, 49
2026/08/10 06:30:16.973, Tesla V100-PCIE-16GB, 49 %, 3 %, 548 MiB, 16384 MiB, 49
2026/08/10 06:30:21.974, Tesla V100-PCIE-16GB, 46 %, 3 %, 548 MiB, 16384 MiB, 49
2026/08/10 06:30:26.975, Tesla V100-PCIE-16GB, 49 %, 3 %, 548 MiB, 16384 MiB, 49
2026/08/10 06:30:31.975, Tesla V100-PCIE-16GB, 43 %, 3 %, 548 MiB, 16384 MiB, 49
2026/08/10 06:30:36.976, Tesla V100-PCIE-16GB, 49 %, 3 %, 548 MiB, 16384 MiB, 49
2026/08/10 06:30:41.977, Tesla V100-PCIE-16GB, 49 %, 3 %, 548 MiB, 16384 MiB, 49
2026/08/10 06:30:46.978, Tesla V100-PCIE-16GB, 51 %, 3 %, 548 MiB, 16384 MiB, 49
2026/08/10 06:30:51.979, Tesla V100-PCIE-16GB, 48 %, 3 %, 548 MiB, 16384 MiB, 49
2026/08/10 06:30:56.979, Tesla V100-PCIE-16GB, 50 %, 3 %, 548 MiB, 16384 MiB, 49
2026/08/10 06:31:01.980, Tesla V100-PCIE-16GB, 16 %, 3 %, 548 MiB, 16384 MiB, 49
2026/08/10 06:31:06.981, Tesla V100-PCIE-16GB, 48 %, 3 %, 548 MiB, 16384 MiB, 49
2026/08/10 06:31:11.982, Tesla V100-PCIE-16GB, 50 %, 3 %, 548 MiB, 16384 MiB, 49
2026/08/10 06:31:16.983, Tesla V100-PCIE-16GB, 49 %, 3 %, 548 MiB, 16384 MiB, 49
2026/08/10 06:31:21.983, Tesla V100-PCIE-16GB, 47 %, 3 %, 548 MiB, 16384 MiB, 49
2026/08/10 06:31:26.984, Tesla V100-PCIE-16GB, 48 %, 3 %, 548 MiB, 16384 MiB, 49
2026/08/10 06:31:31.985, Tesla V100-PCIE-16GB, 50 %, 3 %, 548 MiB, 16384 MiB, 49
2026/08/10 06:31:36.986, Tesla V100-PCIE-16GB, 49 %, 3 %, 548 MiB, 16384 MiB, 49
2026/08/10 06:31:41.987, Tesla V100-PCIE-16GB, 48 %, 3 %, 548 MiB, 16384 MiB, 49
2026/08/10 06:31:47.011, Tesla V100-PCIE-16GB, 48 %, 3 %, 548 MiB, 16384 MiB, 49
2026/08/10 06:31:52.011, Tesla V100-PCIE-16GB, 46 %, 3 %, 548 MiB, 16384 MiB, 49
2026/08/10 06:31:57.012, Tesla V100-PCIE-16GB, 52 %, 3 %, 548 MiB, 16384 MiB, 49
2026/08/10 06:32:02.013, Tesla V100-PCIE-16GB, 49 %, 3 %, 548 MiB, 16384 MiB, 49
2026/08/10 06:32:07.017, Tesla V100-PCIE-16GB, 48 %, 3 %, 548 MiB, 16384 MiB, 49
2026/08/10 06:32:12.018, Tesla V100-PCIE-16GB, 50 %, 3 %, 548 MiB, 16384 MiB, 49
2026/08/10 06:32:17.019, Tesla V100-PCIE-16GB, 49 %, 3 %, 548 MiB, 16384 MiB, 49
2026/08/10 06:32:22.020, Tesla V100-PCIE-16GB, 48 %, 3 %, 548 MiB, 16384 MiB, 49
2026/08/10 06:32:27.021, Tesla V100-PCIE-16GB, 50 %, 3 %, 548 MiB, 16384 MiB, 49
2026/08/10 06:32:32.021, Tesla V100-PCIE-16GB, 50 %, 3 %, 548 MiB, 16384 MiB, 49
2026/08/10 06:32:37.022, Tesla V100-PCIE-16GB, 49 %, 3 %, 548 MiB, 16384 MiB, 49
2026/08/10 06:32:42.023, Tesla V100-PCIE-16GB, 45 %, 3 %, 548 MiB, 16384 MiB, 49
2026/08/10 06:32:47.082, Tesla V100-PCIE-16GB, 49 %, 3 %, 548 MiB, 16384 MiB, 49
2026/08/10 06:32:52.082, Tesla V100-PCIE-16GB, 49 %, 3 %, 548 MiB, 16384 MiB, 49
2026/08/10 06:32:57.085, Tesla V100-PCIE-16GB, 50 %, 3 %, 548 MiB, 16384 MiB, 49
2026/08/10 06:33:02.086, Tesla V100-PCIE-16GB, 43 %, 3 %, 548 MiB, 16384 MiB, 49
2026/08/10 06:33:07.086, Tesla V100-PCIE-16GB, 49 %, 3 %, 548 MiB, 16384 MiB, 49
2026/08/10 06:33:12.087, Tesla V100-PCIE-16GB, 50 %, 3 %, 548 MiB, 16384 MiB, 49
2026/08/10 06:33:17.088, Tesla V100-PCIE-16GB, 48 %, 3 %, 548 MiB, 16384 MiB, 49
2026/08/10 06:33:22.089, Tesla V100-PCIE-16GB, 51 %, 3 %, 548 MiB, 16384 MiB, 49
2026/08/10 06:33:27.090, Tesla V100-PCIE-16GB, 49 %, 3 %, 548 MiB, 16384 MiB, 49
2026/08/10 06:33:32.090, Tesla V100-PCIE-16GB, 49 %, 3 %, 548 MiB, 16384 MiB, 49
2026/08/10 06:33:37.093, Tesla V100-PCIE-16GB, 49 %, 3 %, 548 MiB, 16384 MiB, 49
2026/08/10 06:33:42.094, Tesla V100-PCIE-16GB, 49 %, 3 %, 548 MiB, 16384 MiB, 49
2026/08/10 06:33:47.094, Tesla V100-PCIE-16GB, 49 %, 3 %, 548 MiB, 16384 MiB, 49
2026/08/10 06:33:52.095, Tesla V100-PCIE-16GB, 50 %, 3 %, 548 MiB, 16384 MiB, 49
2026/08/10 06:33:57.096, Tesla V100-PCIE-16GB, 51 %, 3 %, 548 MiB, 16384 MiB, 49
2026/08/10 06:34:02.097, Tesla V100-PCIE-16GB, 43 %, 3 %, 548 MiB, 16384 MiB, 49
2026/08/10 06:34:07.098, Tesla V100-PCIE-16GB, 42 %, 3 %, 548 MiB, 16384 MiB, 49
2026/08/10 06:34:12.099, Tesla V100-PCIE-16GB, 49 %, 3 %, 548 MiB, 16384 MiB, 49
2026/08/10 06:34:17.100, Tesla V100-PCIE-16GB, 49 %, 3 %, 548 MiB, 16384 MiB, 49
2026/08/10 06:34:22.101, Tesla V100-PCIE-16GB, 42 %, 3 %, 548 MiB, 16384 MiB, 49
2026/08/10 06:34:27.172, Tesla V100-PCIE-16GB, 51 %, 3 %, 548 MiB, 16384 MiB, 49
2026/08/10 06:34:32.173, Tesla V100-PCIE-16GB, 49 %, 3 %, 548 MiB, 16384 MiB, 49
2026/08/10 06:34:37.173, Tesla V100-PCIE-16GB, 48 %, 3 %, 548 MiB, 16384 MiB, 49
2026/08/10 06:34:42.174, Tesla V100-PCIE-16GB, 46 %, 3 %, 548 MiB, 16384 MiB, 49
2026/08/10 06:34:47.175, Tesla V100-PCIE-16GB, 50 %, 3 %, 548 MiB, 16384 MiB, 49
2026/08/10 06:34:52.177, Tesla V100-PCIE-16GB, 49 %, 3 %, 548 MiB, 16384 MiB, 49
2026/08/10 06:34:57.181, Tesla V100-PCIE-16GB, 52 %, 3 %, 548 MiB, 16384 MiB, 49
2026/08/10 06:35:02.181, Tesla V100-PCIE-16GB, 46 %, 3 %, 548 MiB, 16384 MiB, 49
2026/08/10 06:35:07.182, Tesla V100-PCIE-16GB, 46 %, 3 %, 548 MiB, 16384 MiB, 49
2026/08/10 06:35:12.183, Tesla V100-PCIE-16GB, 49 %, 3 %, 548 MiB, 16384 MiB, 49
2026/08/10 06:35:17.184, Tesla V100-PCIE-16GB, 49 %, 3 %, 548 MiB, 16384 MiB, 49
2026/08/10 06:35:22.185, Tesla V100-PCIE-16GB, 46 %, 3 %, 548 MiB, 16384 MiB, 49
2026/08/10 06:35:27.185, Tesla V100-PCIE-16GB, 45 %, 3 %, 548 MiB, 16384 MiB, 49
2026/08/10 06:35:32.190, Tesla V100-PCIE-16GB, 49 %, 3 %, 548 MiB, 16384 MiB, 49
2026/08/10 06:35:37.191, Tesla V100-PCIE-16GB, 49 %, 3 %, 548 MiB, 16384 MiB, 49
2026/08/10 06:35:42.191, Tesla V100-PCIE-16GB, 49 %, 3 %, 548 MiB, 16384 MiB, 49
2026/08/10 06:35:47.192, Tesla V100-PCIE-16GB, 49 %, 3 %, 548 MiB, 16384 MiB, 49
2026/08/10 06:35:52.193, Tesla V100-PCIE-16GB, 49 %, 3 %, 548 MiB, 16384 MiB, 49
2026/08/10 06:35:57.194, Tesla V100-PCIE-16GB, 48 %, 3 %, 548 MiB, 16384 MiB, 49
2026/08/10 06:36:02.195, Tesla V100-PCIE-16GB, 50 %, 3 %, 548 MiB, 16384 MiB, 49
2026/08/10 06:36:07.195, Tesla V100-PCIE-16GB, 47 %, 3 %, 548 MiB, 16384 MiB, 49
