"relative_path","source_path","size_bytes","sha256","source_snapshot_kind","source_git_status","source_branch","source_commit","status"
"PaperZleepAnylist\prepare_sleepedf.py","D:\Arch\UIT\NAM3_2\BIGDATA\Trans\NODATALEAK\ChayNghiemTuc\SleepEEG\PaperZleepAnylist\prepare_sleepedf.py","7138","07FEECC697025F1C877C1FE0AD60D3C90B955226CA81D226D77DE37FD26696DB","working_tree"," M PaperZleepAnylist/prepare_sleepedf.py","minimax-promt","8533460eedcfdb52f4ec3187e4c879702d5fccb9","legacy_unverified"
"PaperZleepAnylist\ZleepAnlystNet_15CNN_BiLSTM.ipynb","D:\Arch\UIT\NAM3_2\BIGDATA\Trans\NODATALEAK\ChayNghiemTuc\SleepEEG\PaperZleepAnylist\ZleepAnlystNet_15CNN_BiLSTM.ipynb","200017","6110F8E888245156F17563EA0B529A123F55B6DB06F8823FFFAD7F36FF2C9DDF","working_tree","clean","minimax-promt","8533460eedcfdb52f4ec3187e4c879702d5fccb9","legacy_unverified"
"PaperZleepAnylist\s41598-024-60796-y.pdf","D:\Arch\UIT\NAM3_2\BIGDATA\Trans\NODATALEAK\ChayNghiemTuc\SleepEEG\PaperZleepAnylist\s41598-024-60796-y.pdf","4425127","4944940B0D620D504133675184CC7AEAD12DEB74FA8E1D9B5204BBB36D49AD74","working_tree","clean","minimax-promt","8533460eedcfdb52f4ec3187e4c879702d5fccb9","legacy_unverified"
"Preprocess\preprocess.py","D:\Arch\UIT\NAM3_2\BIGDATA\Trans\NODATALEAK\ChayNghiemTuc\SleepEEG\Preprocess\preprocess.py","11342","B2B89B44A2E2BB5F9E86445C8EFB0FD240E677761A1CF708051CB44498300C27","working_tree","clean","minimax-promt","8533460eedcfdb52f4ec3187e4c879702d5fccb9","legacy_unverified"
"ExtractFeature\RESNET1D.ipynb","D:\Arch\UIT\NAM3_2\BIGDATA\Trans\NODATALEAK\ChayNghiemTuc\SleepEEG\ExtractFeature\RESNET1D.ipynb","45590","E73E5C2701FDDDFC480D62CCBB3B255D830FB5EC8D7F491A805BB95DD28C1045","working_tree","clean","minimax-promt","8533460eedcfdb52f4ec3187e4c879702d5fccb9","legacy_unverified"
"SeqModel\tcn_sleep.ipynb","D:\Arch\UIT\NAM3_2\BIGDATA\Trans\NODATALEAK\ChayNghiemTuc\SleepEEG\SeqModel\tcn_sleep.ipynb","64838","5CC4B0DB58B30C3DD3067F2EFF5D7D8BA6114C72BBAC141F65B43C4AD4CC2037","working_tree","clean","minimax-promt","8533460eedcfdb52f4ec3187e4c879702d5fccb9","legacy_unverified"
"SeqModel\conformer_sleep_resnet_newdata.ipynb","D:\Arch\UIT\NAM3_2\BIGDATA\Trans\NODATALEAK\ChayNghiemTuc\SleepEEG\SeqModel\conformer_sleep_resnet_newdata.ipynb","277032","9BF2475322807B1D6C75644E76B367C569C4873DB483D03E20B916AD77F55F71","working_tree","clean","minimax-promt","8533460eedcfdb52f4ec3187e4c879702d5fccb9","legacy_unverified"
"SeqModelwith15CNN\tcn123.ipynb","D:\Arch\UIT\NAM3_2\BIGDATA\Trans\NODATALEAK\ChayNghiemTuc\SleepEEG\SeqModelwith15CNN\tcn123.ipynb","212956","EB4F734A189B95116264FFC4922B51484DD7578B5A16E36AA5E6D5DEE71E8F28","working_tree","clean","minimax-promt","8533460eedcfdb52f4ec3187e4c879702d5fccb9","legacy_unverified"
"SeqModelwith15CNN\tcn123_with_feature_importance.ipynb","D:\Arch\UIT\NAM3_2\BIGDATA\Trans\NODATALEAK\ChayNghiemTuc\SleepEEG\SeqModelwith15CNN\tcn123_with_feature_importance.ipynb","234501","EA3582D29EB0AE82CCC2D694CBDE73291731665DF30B7F5A9AB12A2B6A80BF8D","working_tree","clean","minimax-promt","8533460eedcfdb52f4ec3187e4c879702d5fccb9","legacy_unverified"
"SeqModelwith15CNN\conformer_sleep_SCL_N1w_SeqAug 84.42.ipynb","D:\Arch\UIT\NAM3_2\BIGDATA\Trans\NODATALEAK\ChayNghiemTuc\SleepEEG\SeqModelwith15CNN\conformer_sleep_SCL_N1w_SeqAug 84.42.ipynb","201388","2DA7B47A87F66F691E33C8BE017D98D24A19EBE1A806763D52F7021308D80214","working_tree","clean","minimax-promt","8533460eedcfdb52f4ec3187e4c879702d5fccb9","legacy_unverified"
"SleepEEG_Report.pdf","D:\Arch\UIT\NAM3_2\BIGDATA\Trans\NODATALEAK\ChayNghiemTuc\SleepEEG\SleepEEG_Report.pdf","8146954","594EAE4C3ED6524509321ED413F4CF94578C35A945A883D8F2A73F4B67CA352B","working_tree","clean","minimax-promt","8533460eedcfdb52f4ec3187e4c879702d5fccb9","legacy_unverified"
