cohort,arm,stage,precision,recall,f1,support
target,source_only,W,0.8367235045781019,0.8252981099424059,0.8309715359170171,36983
target,source_only,N1,0.12757160145219848,0.18066266780919737,0.14954486345903772,7002
target,source_only,N2,0.7278317969440586,0.7555284648760602,0.7414215607453193,76287
target,source_only,N3,0.9332850940665702,0.2827764623344734,0.43404226679230046,22806
target,source_only,REM,0.5302042828194315,0.7465874913241305,0.6200602062383912,25934
target,adast,W,0.8255931751532924,0.8373577048914366,0.8314338259970735,36983
target,adast,N1,0.1271386430678466,0.12310768351899458,0.1250906980118996,7002
target,adast,N2,0.811164738448435,0.5992370915096936,0.6892787406798699,76287
target,adast,N3,0.8890878853780223,0.6094887310356923,0.7232049947970863,22806
target,adast,REM,0.4162557839641963,0.8463792704557723,0.5580555767421758,25934
source,source_only,W,0.9188834053996241,0.9120274184498264,0.9154425755384733,65941
source,source_only,N1,0.4196777209481384,0.35456741938481556,0.38438483818158925,21522
source,source_only,N2,0.8090178802798652,0.8580396921830701,0.8328080138712417,69132
source,source_only,N3,0.7565420892135309,0.8181609019096556,0.7861459100957995,13039
source,source_only,REM,0.7200491501126357,0.6804722275982195,0.6997014925373134,25835
source,adast,W,0.9230554435171109,0.902352102637206,0.9125863668780627,65941
source,adast,N1,0.4229144667370644,0.26052411485921384,0.3224266820011501,21522
source,adast,N2,0.7734808853118712,0.8340999826419024,0.8026475132584456,69132
source,adast,N3,0.7062126205297204,0.887491372037733,0.7865420560747663,13039
source,adast,REM,0.6248461567150263,0.6485000967679505,0.6364534265309223,25835
