arm,selection,epoch,attention_on_source_validation,macro_f1,accuracy,class,precision,recall,f1,support
source_only_full_source,selected,10,source,0.7370390798751155,0.8337171810225702,W,0.9468333841618379,0.9396690879741727,0.943237632285179,9912
source_only_full_source,selected,10,source,0.7370390798751155,0.8337171810225702,N1,0.36802721088435375,0.28309785452642594,0.3200236616385685,1911
source_only_full_source,selected,10,source,0.7370390798751155,0.8337171810225702,N2,0.8174749604638903,0.8696200757044722,0.8427416615719041,7133
source_only_full_source,selected,10,source,0.7370390798751155,0.8337171810225702,N3,0.8333333333333334,0.8816056910569106,0.8567901234567902,1968
source_only_full_source,selected,10,source,0.7370390798751155,0.8337171810225702,REM,0.7289944903581267,0.7159283057152519,0.7224023204231359,2957
source_only_full_source,selected,10,target,0.6914165222841321,0.7881579498345965,W,0.9250457038391224,0.8678369652945924,0.8955286034042997,9912
source_only_full_source,selected,10,target,0.6914165222841321,0.7881579498345965,N1,0.2950026867275658,0.28728414442700156,0.2910922587486744,1911
source_only_full_source,selected,10,target,0.6914165222841321,0.7881579498345965,N2,0.743668720054757,0.9139212112715548,0.8200515755707907,7133
source_only_full_source,selected,10,target,0.6914165222841321,0.7881579498345965,N3,0.9517985611510792,0.6722560975609756,0.7879690291840381,1968
source_only_full_source,selected,10,target,0.6914165222841321,0.7881579498345965,REM,0.7130604288499025,0.6185322962461954,0.6624411445128576,2957
source_only_full_source,final,30,source,0.7175992040414216,0.8325447008081739,W,0.9532374100719424,0.9357344632768362,0.9444048467569494,9912
source_only_full_source,final,30,source,0.7175992040414216,0.8325447008081739,N1,0.4074534161490683,0.17163788592360021,0.24153166421207659,1911
source_only_full_source,final,30,source,0.7175992040414216,0.8325447008081739,N2,0.7596353565658897,0.9228935931585588,0.8333438825242103,7133
source_only_full_source,final,30,source,0.7175992040414216,0.8325447008081739,N3,0.9005681818181818,0.8053861788617886,0.8503218884120172,1968
source_only_full_source,final,30,source,0.7175992040414216,0.8325447008081739,REM,0.7229452054794521,0.7138992221846466,0.7183937383018548,2957
source_only_full_source,final,30,target,0.6213162573968137,0.7351032201331602,W,0.9170921468514467,0.7610976594027441,0.8318447458374684,9912
source_only_full_source,final,30,target,0.6213162573968137,0.7351032201331602,N1,0.2907869481765835,0.15855572998430142,0.20521503555706064,1911
source_only_full_source,final,30,target,0.6213162573968137,0.7351032201331602,N2,0.6440141857567334,0.9419599046684425,0.7650005692815666,7133
source_only_full_source,final,30,target,0.6213162573968137,0.7351032201331602,N3,0.9883351007423118,0.4735772357723577,0.640329783579526,1968
source_only_full_source,final,30,target,0.6213162573968137,0.7351032201331602,REM,0.6354649366697559,0.6956374704091985,0.6641911527284469,2957
adast_reference_full_source,selected,27,source,0.690730370252013,0.8111050626020686,W,0.9524896265560165,0.9263518966908797,0.9392389525368249,9912
adast_reference_full_source,selected,27,source,0.690730370252013,0.8111050626020686,N1,0.3942307692307692,0.15018315018315018,0.21750663129973474,1911
adast_reference_full_source,selected,27,source,0.690730370252013,0.8111050626020686,N2,0.7885683326561018,0.8162063647834011,0.8021493524386883,7133
adast_reference_full_source,selected,27,source,0.690730370252013,0.8111050626020686,N3,0.6975376699742741,0.9644308943089431,0.8095542759650245,1968
adast_reference_full_source,selected,27,source,0.690730370252013,0.8111050626020686,REM,0.6397770607216192,0.7375718633750423,0.6852026390197927,2957
adast_reference_full_source,selected,27,target,0.6816565508228107,0.8023952095808383,W,0.948595213319459,0.9196933010492333,0.933920704845815,9912
adast_reference_full_source,selected,27,target,0.6816565508228107,0.8023952095808383,N1,0.3961988304093567,0.14181057038199896,0.2088631984585742,1911
adast_reference_full_source,selected,27,target,0.6816565508228107,0.8023952095808383,N2,0.8062183658712943,0.7815785784382447,0.7937072892938497,7133
adast_reference_full_source,selected,27,target,0.6816565508228107,0.8023952095808383,N3,0.6825681492109039,0.9669715447154471,0.8002523128679564,1968
adast_reference_full_source,selected,27,target,0.6816565508228107,0.8023952095808383,REM,0.5914006179196705,0.7768008116334122,0.6715392486478584,2957
adast_reference_full_source,final,30,source,0.6856637488924109,0.8073782504920229,W,0.9562852959631876,0.9225181598062954,0.9390982848926772,9912
adast_reference_full_source,final,30,source,0.6856637488924109,0.8073782504920229,N1,0.3835978835978836,0.15175300889586604,0.21747281589801273,1911
adast_reference_full_source,final,30,source,0.6856637488924109,0.8073782504920229,N2,0.7625576627370579,0.8342913220243937,0.7968132824529693,7133
adast_reference_full_source,final,30,source,0.6856637488924109,0.8073782504920229,N3,0.6924473493100944,0.9690040650406504,0.807708598051673,1968
adast_reference_full_source,final,30,source,0.6856637488924109,0.8073782504920229,REM,0.6618968386023294,0.6726411903956713,0.6672257631667226,2957
adast_reference_full_source,final,30,target,0.6823722198628998,0.8042795527825468,W,0.9523859246110473,0.9201977401129944,0.9360151880548001,9912
adast_reference_full_source,final,30,target,0.6823722198628998,0.8042795527825468,N1,0.38376891334250346,0.14599686028257458,0.21152388172858227,1911
adast_reference_full_source,final,30,target,0.6823722198628998,0.8042795527825468,N2,0.7822722953712502,0.8079349502313192,0.794896551724138,7133
adast_reference_full_source,final,30,target,0.6823722198628998,0.8042795527825468,N3,0.6740897843761047,0.9690040650406504,0.7950802584948927,1968
adast_reference_full_source,final,30,target,0.6823722198628998,0.8042795527825468,REM,0.6320615202602781,0.7226919174839365,0.6743452193120859,2957
adast_keep_source_ce_full_source,selected,27,source,0.6891919287335341,0.8066663875047109,W,0.9542988313856428,0.9227199354317999,0.9382437423061142,9912
adast_keep_source_ce_full_source,selected,27,source,0.6891919287335341,0.8066663875047109,N1,0.393173198482933,0.16274201988487702,0.23019985196150997,1911
adast_keep_source_ce_full_source,selected,27,source,0.6891919287335341,0.8066663875047109,N2,0.7692510201395287,0.8192906210570587,0.7934826883910385,7133
adast_keep_source_ce_full_source,selected,27,source,0.6891919287335341,0.8066663875047109,N3,0.7069992553983618,0.9649390243902439,0.8160721959604641,1968
adast_keep_source_ce_full_source,selected,27,source,0.6891919287335341,0.8066663875047109,REM,0.6403971455165994,0.6980047345282381,0.6679611650485436,2957
adast_keep_source_ce_full_source,selected,27,target,0.6726816581640386,0.7940203509065784,W,0.9536332910857626,0.9109160613397902,0.9317853457172344,9912
adast_keep_source_ce_full_source,selected,27,target,0.6726816581640386,0.7940203509065784,N1,0.3938953488372093,0.14181057038199896,0.2085417468257022,1911
adast_keep_source_ce_full_source,selected,27,target,0.6726816581640386,0.7940203509065784,N2,0.7810085686191881,0.7794756764334781,0.7802413696323323,7133
adast_keep_source_ce_full_source,selected,27,target,0.6726816581640386,0.7940203509065784,N3,0.6586620926243568,0.975609756097561,0.7864018021707967,1968
adast_keep_source_ce_full_source,selected,27,target,0.6726816581640386,0.7940203509065784,REM,0.5911677052289352,0.7379100439634765,0.6564380264741275,2957
adast_keep_source_ce_full_source,final,30,source,0.6814350850158789,0.8039026841422051,W,0.9553748305703263,0.9244350282485876,0.9396503102086858,9912
adast_keep_source_ce_full_source,final,30,source,0.6814350850158789,0.8039026841422051,N1,0.39747191011235955,0.14809000523286237,0.21578345406023636,1911
adast_keep_source_ce_full_source,final,30,source,0.6814350850158789,0.8039026841422051,N2,0.7542143868228027,0.8216739099957941,0.7865002683843264,7133
adast_keep_source_ce_full_source,final,30,source,0.6814350850158789,0.8039026841422051,N3,0.6810714285714285,0.9690040650406504,0.7999161073825504,1968
adast_keep_source_ce_full_source,final,30,source,0.6814350850158789,0.8039026841422051,REM,0.6597938144329897,0.6709502874535002,0.6653252850435949,2957
adast_keep_source_ce_full_source,final,30,target,0.6713756721653091,0.7948159624806331,W,0.9501408156879108,0.9189870863599677,0.9343043232986308,9912
adast_keep_source_ce_full_source,final,30,target,0.6713756721653091,0.7948159624806331,N1,0.3932748538011696,0.14076399790685504,0.20732177263969168,1911
adast_keep_source_ce_full_source,final,30,target,0.6713756721653091,0.7948159624806331,N2,0.7736453545061986,0.7786345156315716,0.7761319172722191,7133
adast_keep_source_ce_full_source,final,30,target,0.6713756721653091,0.7948159624806331,N3,0.6380165289256199,0.9806910569105691,0.773082315241338,1968
adast_keep_source_ce_full_source,final,30,target,0.6713756721653091,0.7948159624806331,REM,0.6221374045801527,0.7166046668921204,0.6660380323746661,2957
